{
  "parent": "repurposed_structures:temples",
  "display": {
    "icon": {
      "item": "minecraft:warped_stem"
    },
    "title": {
      "translate": "advancements.repurposed_structures.temple_nether_warped.title"
    },
    "description": {
      "translate": "advancements.repurposed_structures.temple_nether_warped.description"
    },
    "hidden": true
  },
  "rewards": {
    "experience": 50
  },
  "criteria": {
    "in_temple_nether_warped": {
      "trigger": "minecraft:location",
      "conditions": {
        "feature": "repurposed_structures:temple_nether_warped"
      }
    }
  },
  "requirements": [
    [
      "in_temple_nether_warped"
    ]
  ]
}