{
  "parent": "repurposed_structures:strongholds",
  "display": {
    "icon": {
      "item": "minecraft:ender_eye"
    },
    "title": {
      "translate": "Eye Spy The Overworld"
    },
    "description": {
      "translate": "Enter a Stonebrick Stronghold"
    },
    "show_toast": false,
    "announce_to_chat": false,
    "hidden": true
  },
  "rewards": {
    "experience": 100
  },
  "criteria": {
    "in_stronghold_stonebrick": {
      "trigger": "minecraft:location",
      "conditions": {
        "feature": "repurposed_structures:stronghold_stonebrick"
      }
    }
  },
  "requirements": [
    [
      "in_stronghold_stonebrick"
    ]
  ]
}