{
  "parent": "repurposed_structures:outposts",
  "display": {
    "icon": {
      "item": "minecraft:birch_log"
    },
    "title": {
      "translate": "advancements.repurposed_structures.birch.title"
    },
    "description": {
      "translate": "advancements.repurposed_structures.birch.description"
    },
    "hidden": true
  },
  "rewards": {
    "experience": 50
  },
  "criteria": {
    "in_outpost_birch": {
      "trigger": "minecraft:location",
      "conditions": {
        "feature": "repurposed_structures:outpost_birch"
      }
    }
  },
  "requirements": [
    [
      "in_outpost_birch"
    ]
  ]
}