{
  "parent": "repurposed_structures:outposts",
  "display": {
    "icon": {
      "item": "minecraft:crimson_planks"
    },
    "title": {
      "translate": "advancements.repurposed_structures.outpost_crimson.title"
    },
    "description": {
      "translate": "advancements.repurposed_structures.outpost_crimson.description"
    },
    "hidden": true
  },
  "rewards": {
    "experience": 50
  },
  "criteria": {
    "in_outpost_crimson": {
      "trigger": "minecraft:location",
      "conditions": {
        "feature": "repurposed_structures:outpost_crimson"
      }
    }
  },
  "requirements": [
    [
      "in_outpost_crimson"
    ]
  ]
}