
{
  "parent": "repurposed_structures:outposts",
  "display": {
    "icon": {
      "item": "minecraft:chiseled_sandstone"
    },
    "title": {
      "translate": "advancements.repurposed_structures.outpost_desert.title"
    },
    "description": {
      "translate": "advancements.repurposed_structures.outpost_desert.description"
    },
    "hidden": true
  },
  "rewards": {
    "experience": 50
  },
  "criteria": {
    "in_outpost_desert": {
      "trigger": "minecraft:location",
      "conditions": {
        "feature": "repurposed_structures:outpost_desert"
      }
    }
  },
  "requirements": [
    [
      "in_outpost_desert"
    ]
  ]
}
