
{
  "parent": "repurposed_structures:outposts",
  "display": {
    "icon": {
      "item": "minecraft:packed_ice"
    },
    "title": {
      "translate": "advancements.repurposed_structures.outpost_icy.title"
    },
    "description": {
      "translate": "advancements.repurposed_structures.outpost_icy.description"
    },
    "hidden": true
  },
  "rewards": {
    "experience": 50
  },
  "criteria": {
    "in_outpost_icy": {
      "trigger": "minecraft:location",
      "conditions": {
        "feature": "repurposed_structures:outpost_icy"
      }
    }
  },
  "requirements": [
    [
      "in_outpost_icy"
    ]
  ]
}
