{
  "parent": "repurposed_structures:outposts",
  "display": {
    "icon": {
      "item": "minecraft:oak_log"
    },
    "title": {
      "text": "advancements.repurposed_structures.outpost_oak.title"
    },
    "description": {
      "text": "advancements.repurposed_structures.outpost_oak.description"
    },
    "hidden": true
  },
  "rewards": {
    "experience": 50
  },
  "criteria": {
    "in_outpost_oak": {
      "trigger": "minecraft:location",
      "conditions": {
        "feature": "repurposed_structures:outpost_oak"
      }
    }
  },
  "requirements": [
    [
      "in_outpost_oak"
    ]
  ]
}