{
  "parent": "repurposed_structures:outposts",
  "display": {
    "icon": {
      "item": "minecraft:spruce_log"
    },
    "title": {
      "text": "advancements.repurposed_structures.outpost_taiga.title"
    },
    "description": {
      "text": "advancements.repurposed_structures.outpost_taiga.description"
    },
    "hidden": true
  },
  "rewards": {
    "experience": 50
  },
  "criteria": {
    "in_outpost_taiga": {
      "trigger": "minecraft:location",
      "conditions": {
        "feature": "repurposed_structures:outpost_taiga"
      }
    }
  },
  "requirements": [
    [
      "in_outpost_taiga"
    ]
  ]
}