
{
  "parent": "repurposed_structures:ruins",
  "display": {
    "icon": {
      "item": "minecraft:cracked_polished_blackstone_bricks"
    },
    "title": {
      "translate": "advancements.repurposed_structures.ruins_nether.title"
    },
    "description": {
      "translate": "advancements.repurposed_structures.ruins_nether.description"
    },
    "hidden": true
  },
  "rewards": {
    "experience": 50
  },
  "criteria": {
    "in_ruins_nether": {
      "trigger": "minecraft:location",
      "conditions": {
        "feature": "repurposed_structures:ruins_nether"
      }
    }
  },
  "requirements": [
    [
      "in_ruins_nether"
    ]
  ]
}
