{
  "parent": "repurposed_structures:root",
  "display": {
    "icon": {
      "item": "minecraft:bone"
    },
    "title": {
      "translate": "Bastions, Evil, and Bones..."
    },
    "description": {
      "translate": "Enter a Underground Bastion"
    },
    "show_toast": false,
    "announce_to_chat": false,
    "hidden": true
  },
  "rewards": {
    "experience": 100
  },
  "criteria": {
    "impossible": {
      "trigger": "minecraft:impossible"
    }
  },
  "requirements": [
    [
      "impossible"
    ]
  ]
}