{
  "display": {
    "icon": {
      "item": "minecraft:filled_map"
    },
    "title": {
      "translate": "Repurposed Structures"
    },
    "description": {
      "translate": "Start exploring for structures!"
    },
    "show_toast": false,
    "announce_to_chat": false,
    "hidden": true,
    "background": "minecraft:textures/block/green_terracotta.png"
  },
  "criteria": {
    "impossible": {
      "trigger": "minecraft:impossible"
    }
  },
  "requirements": [
    [
      "impossible"
    ]
  ]
}