{
  "display": {
    "icon": {
      "item": "minecraft:filled_map"
    },
    "title": {
      "translate": "advancements.repurposed_structures.root.title"
    },
    "description": {
      "translate": "advancements.repurposed_structures.root.description"
    },
    "show_toast": false,
    "announce_to_chat": false,
    "hidden": true,
    "background": "minecraft:textures/block/green_terracotta.png"
  },
  "criteria": {
    "impossible": {
      "trigger": "minecraft:impossible"
    }
  }
}