{
  "parent": "repurposed_structures:root",
  "display": {
    "icon": {
      "item": "minecraft:crying_obsidian"
    },
    "title": {
      "translate": "The Useless Portal"
    },
    "description": {
      "translate": "Find an End themed Ruined Portal!"
    },
    "show_toast": false,
    "announce_to_chat": false,
    "hidden": true
  },
  "rewards": {
    "experience": 50
  },
  "criteria": {
    "impossible": {
      "trigger": "minecraft:impossible"
    }
  },
  "requirements": [
    [
      "impossible"
    ]
  ]
}