{
  "parent": "repurposed_structures:root",
  "display": {
    "icon": {
      "item": "minecraft:emerald"
    },
    "title": {
      "translate": "advancements.repurposed_structures.villages.title"
    },
    "description": {
      "translate": "advancements.repurposed_structures.villages.description"
    },
    "show_toast": false,
    "announce_to_chat": false,
    "hidden": true
  },
  "criteria": {
    "impossible": {
      "trigger": "minecraft:impossible"
    }
  }
}