{
  "parent": "repurposed_structures:root",
  "display": {
    "icon": {
      "item": "minecraft:water_cauldron"
    },
    "title": {
      "translate": "RS Witch Huts"
    },
    "description": {
      "translate": "Find all new Witch Huts!"
    },
    "show_toast": false,
    "announce_to_chat": false,
    "hidden": true
  },
  "criteria": {
    "impossible": {
      "trigger": "minecraft:impossible"
    }
  },
  "requirements": [
    [
      "impossible"
    ]
  ]
}