{
  "parent": "repurposed_structures:root",
  "display": {
    "icon": {
      "item": "minecraft:stone_pickaxe"
    },
    "title": {
      "translate": "advancements.repurposed_structures.mineshafts.title"
    },
    "description": {
      "translate": "advancements.repurposed_structures.mineshafts.description"
    },
    "show_toast": false,
    "announce_to_chat": false,
    "hidden": true
  },
  "criteria": {
    "always": {
      "trigger": "minecraft:tick"
    }
  }
}