{
  "parent": "repurposed_structures:witch_huts",
  "display": {
    "icon": {
      "item": "minecraft:spruce_fence"
    },
    "title": {
      "translate": "Spooky Taiga Hut"
    },
    "description": {
      "translate": "Enter a Taiga Witch Hut"
    },
    "hidden": true
  },
  "rewards": {
    "experience": 20
  },
  "criteria": {
    "in_witch_hut_taiga": {
      "trigger": "minecraft:impossible"
    }
  },
  "requirements": [
    [
      "in_witch_hut_taiga"
    ]
  ]
}