{
  "parent": "repurposed_structures:temples",
  "display": {
    "icon": {
      "item": "minecraft:crimson_stem"
    },
    "title": {
      "translate": "The Crimson House of Prayer"
    },
    "description": {
      "translate": "Enter a Nether Crimson Temple"
    },
    "hidden": true
  },
  "rewards": {
    "experience": 50
  },
  "criteria": {
    "in_temple_nether_crimson": {
      "trigger": "minecraft:impossible"
    }
  },
  "requirements": [
    [
      "in_temple_nether_crimson"
    ]
  ]
}