{
  "parent": "repurposed_structures:temples",
  "display": {
    "icon": {
      "item": "minecraft:warped_stem"
    },
    "title": {
      "translate": "Warped Worshipping"
    },
    "description": {
      "translate": "Enter a Nether Warped Temple"
    },
    "hidden": true
  },
  "rewards": {
    "experience": 50
  },
  "criteria": {
    "in_temple_nether_warped": {
      "trigger": "minecraft:impossible"
    }
  },
  "requirements": [
    [
      "in_temple_nether_warped"
    ]
  ]
}