{
  "parent": "repurposed_structures:temples",
  "display": {
    "icon": {
      "item": "minecraft:soul_sand"
    },
    "title": {
      "translate": "Trapped Souls in the Temple"
    },
    "description": {
      "translate": "Enter a Nether Soul Temple"
    },
    "hidden": true
  },
  "rewards": {
    "experience": 50
  },
  "criteria": {
    "in_temple_nether_soul": {
      "trigger": "minecraft:impossible"
    }
  },
  "requirements": [
    [
      "in_temple_nether_soul"
    ]
  ]
}