{
  "parent": "repurposed_structures:ruins",
  "display": {
    "icon": {
      "item": "minecraft:wheat"
    },
    "title": {
      "text": "There's always history in ruins. Even on land..."
    },
    "description": {
      "text": "Enter a Warm Land Ruins"
    },
    "hidden": true
  },
  "rewards": {
    "experience": 20
  },
  "criteria": {
    "in_ruins_land_warm": {
      "trigger": "minecraft:impossible"
    }
  },
  "requirements": [
    [
      "in_ruins_land_warm"
    ]
  ]
}