{
  "parent": "repurposed_structures:mineshafts",
  "display": {
    "icon": {
      "item": "minecraft:warped_nylium"
    },
    "title": {
      "translate": "Twisting and Turning Mines"
    },
    "description": {
      "translate": "Enter a Warped Mineshaft"
    },
    "show_toast": false,
    "announce_to_chat": false,
    "hidden": true
  },
  "rewards": {
    "experience": 20
  },
  "criteria": {
    "in_mineshaft_warped": {
      "trigger": "minecraft:location",
      "conditions": {
        "feature": "repurposed_structures:mineshaft_warped"
      }
    }
  },
  "requirements": [
    [
      "in_mineshaft_warped"
    ]
  ]
}