{
  "parent": "repurposed_structures:mineshafts",
  "display": {
    "icon": {
      "item": "minecraft:ice"
    },
    "title": {
      "translate": "Frozen in the Deep Hole"
    },
    "description": {
      "translate": "Enter a Icy Mineshaft"
    },
    "show_toast": false,
    "announce_to_chat": false,
    "hidden": true
  },
  "rewards": {
    "experience": 20
  },
  "criteria": {
    "in_mineshaft_icy": {
      "trigger": "minecraft:location",
      "conditions": {
        "feature": "repurposed_structures:mineshaft_icy"
      }
    }
  },
  "requirements": [
    [
      "in_mineshaft_icy"
    ]
  ]
}