{
  "parent": "repurposed_structures:mineshafts",
  "display": {
    "icon": {
      "item": "minecraft:sea_lantern"
    },
    "title": {
      "translate": "Swimming with the Drowned Miners"
    },
    "description": {
      "translate": "Enter a Ocean Mineshaft"
    },
    "show_toast": false,
    "announce_to_chat": false,
    "hidden": true
  },
  "rewards": {
    "experience": 20
  },
  "criteria": {
    "in_mineshaft_ocean": {
      "trigger": "minecraft:location",
      "conditions": {
        "feature": "repurposed_structures:mineshaft_ocean"
      }
    }
  },
  "requirements": [
    [
      "in_mineshaft_ocean"
    ]
  ]
}