{
  "parent": "repurposed_structures:mineshafts",
  "display": {
    "icon": {
      "item": "minecraft:purpur_block"
    },
    "title": {
      "translate": "Infested Mines"
    },
    "description": {
      "translate": "Enter a End Mineshaft"
    },
    "show_toast": false,
    "announce_to_chat": false,
    "hidden": true
  },
  "rewards": {
    "experience": 20
  },
  "criteria": {
    "in_mineshaft_end": {
      "trigger": "minecraft:location",
      "conditions": {
        "feature": "repurposed_structures:mineshaft_end"
      }
    }
  },
  "requirements": [
    [
      "in_mineshaft_end"
    ]
  ]
}