{
  "parent": "repurposed_structures:mineshafts",
  "display": {
    "icon": {
      "item": "minecraft:dark_oak_planks"
    },
    "title": {
      "translate": "A Dark and Spooky Tunnel"
    },
    "description": {
      "translate": "Enter a Dark Forest Mineshaft"
    },
    "show_toast": false,
    "announce_to_chat": false,
    "hidden": true
  },
  "rewards": {
    "experience": 20
  },
  "criteria": {
    "in_mineshaft_dark_forest": {
      "trigger": "minecraft:location",
      "conditions": {
        "feature": "repurposed_structures:mineshaft_dark_forest"
      }
    }
  },
  "requirements": [
    [
      "in_mineshaft_dark_forest"
    ]
  ]
}