{
  "parent": "repurposed_structures:mineshafts",
  "display": {
    "icon": {
      "item": "minecraft:birch_planks"
    },
    "title": {
      "translate": "Birch to Enter the Mine!"
    },
    "description": {
      "translate": "Enter a Birch Mineshaft"
    },
    "show_toast": false,
    "announce_to_chat": false,
    "hidden": true
  },
  "rewards": {
    "experience": 20
  },
  "criteria": {
    "in_mineshaft_birch": {
      "trigger": "minecraft:location",
      "conditions": {
        "feature": "repurposed_structures:mineshaft_birch"
      }
    }
  },
  "requirements": [
    [
      "in_mineshaft_birch"
    ]
  ]
}