{
  "parent": "repurposed_structures:mineshafts",
  "display": {
    "icon": {
      "item": "minecraft:acacia_planks"
    },
    "title": {
      "translate": "The Mine is Orange? Always has Been"
    },
    "description": {
      "translate": "Enter a Savanna Mineshaft"
    },
    "show_toast": false,
    "announce_to_chat": false,
    "hidden": true
  },
  "rewards": {
    "experience": 20
  },
  "criteria": {
    "in_mineshaft_savanna": {
      "trigger": "minecraft:location",
      "conditions": {
        "feature": "repurposed_structures:mineshaft_savanna"
      }
    }
  },
  "requirements": [
    [
      "in_mineshaft_savanna"
    ]
  ]
}