{
  "parent": "repurposed_structures:pyramids",
  "display": {
    "icon": {
      "item": "minecraft:snow_block"
    },
    "title": {
      "text": "advancements.repurposed_structures.pyramid_snowy.title"
    },
    "description": {
      "text": "advancements.repurposed_structures.pyramid_snowy.description"
    },
    "hidden": true
  },
  "rewards": {
    "experience": 20
  },
  "criteria": {
    "in_pyramid_snowy": {
      "trigger": "minecraft:location",
      "conditions": {
        "feature": "repurposed_structures:pyramid_snowy"
      }
    }
  },
  "requirements": [
    [
      "in_pyramid_snowy"
    ]
  ]
}