{
  "parent": "repurposed_structures:root",
  "display": {
    "icon": {
      "item": "minecraft:red_bed"
    },
    "title": {
      "translate": "RS Igloos"
    },
    "description": {
      "translate": "Find all new igloos!"
    },
    "show_toast": true,
    "announce_to_chat": true,
    "hidden": false
  },
  "criteria": {
    "in_igloo_stone": {
      "trigger": "minecraft:location",
      "conditions": {
        "feature": "repurposed_structures:igloo_stone"
      }
    },
    "in_igloo_grassy": {
      "trigger": "minecraft:location",
      "conditions": {
        "feature": "repurposed_structures:igloo_grassy"
      }
    }
  },
  "requirements": [
    [
      "in_igloo_grassy"
    ],
    [
      "in_igloo_stone"
    ]
  ]
}