{
  "parent": "repurposed_structures:root",
  "display": {
    "icon": {
      "item": "minecraft:magma_block"
    },
    "title": {
      "translate": "RS Ruins"
    },
    "description": {
      "translate": "Find all new Ruins!"
    },
    "show_toast": true,
    "announce_to_chat": true,
    "hidden": false
  },
  "criteria": {
    "in_ruins_land_hot": {
      "trigger": "minecraft:location",
      "conditions": {
        "feature": "repurposed_structures:ruins_land_hot"
      }
    },
    "in_ruins_land_warm": {
      "trigger": "minecraft:location",
      "conditions": {
        "feature": "repurposed_structures:ruins_land_warm"
      }
    },
    "in_ruins_nether": {
      "trigger": "minecraft:location",
      "conditions": {
        "feature": "repurposed_structures:ruins_nether"
      }
    }
  },
  "requirements": [
    [
      "in_ruins_land_hot"
    ],
    [
      "in_ruins_land_warm"
    ],
    [
      "in_ruins_nether"
    ]
  ]
}