{
  "parent": "repurposed_structures:root",
  "display": {
    "icon": {
      "item": "minecraft:oak_boat"
    },
    "title": {
      "translate": "RS Shipwrecks"
    },
    "description": {
      "translate": "Find all new Shipwrecks!"
    },
    "show_toast": true,
    "announce_to_chat": true,
    "hidden": false
  },
  "criteria": {
    "in_shipwreck_crimson": {
      "trigger": "minecraft:location",
      "conditions": {
        "feature": "repurposed_structures:shipwreck_crimson"
      }
    },
    "in_shipwreck_end": {
      "trigger": "minecraft:location",
      "conditions": {
        "feature": "repurposed_structures:shipwreck_end"
      }
    },
    "in_shipwreck_nether_bricks": {
      "trigger": "minecraft:location",
      "conditions": {
        "feature": "repurposed_structures:shipwreck_nether_bricks"
      }
    },
    "in_shipwreck_warped": {
      "trigger": "minecraft:location",
      "conditions": {
        "feature": "repurposed_structures:shipwreck_warped"
      }
    }
  },
  "requirements": [
    [
      "in_shipwreck_crimson"
    ],
    [
      "in_shipwreck_end"
    ],
    [
      "in_shipwreck_nether_bricks"
    ],
    [
      "in_shipwreck_warped"
    ]
  ]
}