{
  "parent": "repurposed_structures:root",
  "display": {
    "icon": {
      "item": "minecraft:ender_eye"
    },
    "title": {
      "translate": "RS Strongholds"
    },
    "description": {
      "translate": "Find all new Strongholds!"
    },
    "show_toast": true,
    "announce_to_chat": true,
    "hidden": false
  },
  "criteria": {
    "in_stronghold_nether": {
      "trigger": "minecraft:location",
      "conditions": {
        "feature": "repurposed_structures:stronghold_nether"
      }
    }
  },
  "requirements": [
    [
      "in_stronghold_nether"
    ]
  ]
}