{
  "parent": "repurposed_structures:outposts",
  "display": {
    "icon": {
      "item": "minecraft:spruce_log"
    },
    "title": {
      "text": "Pine Tower"
    },
    "description": {
      "text": "Enter a Taiga Outpost"
    },
    "show_toast": false,
    "announce_to_chat": false,
    "hidden": true
  },
  "rewards": {
    "experience": 50
  },
  "criteria": {
    "in_outpost_taiga": {
      "trigger": "minecraft:location",
      "conditions": {
        "feature": "repurposed_structures:outpost_taiga"
      }
    }
  },
  "requirements": [
    [
      "in_outpost_taiga"
    ]
  ]
}