
{
  "parent": "repurposed_structures:outposts",
  "display": {
    "icon": {
      "item": "minecraft:packed_ice"
    },
    "title": {
      "text": "Watchtower Pillager on Ice!"
    },
    "description": {
      "text": "Enter an Icy Outpost"
    },
    "show_toast": false
    "announce_to_chat": false
    "hidden": true
  },
  "rewards": {
    "experience": 50
  },
  "criteria": {
    "in_outpost_icy": {
      "trigger": "minecraft:location",
      "conditions": {
        "feature": "repurposed_structures:outpost_icy"
      }
    }
  },
  "requirements": [
    [
      "in_outpost_icy"
    ]
  ]
}