{
  "parent": "repurposed_structures:outposts",
  "display": {
    "icon": {
      "item": "minecraft:red_nether_bricks"
    },
    "title": {
      "translate": "Piglin's Watchtower"
    },
    "description": {
      "translate": "Enter a Nether Brick Outpost"
    },
    "show_toast": false,
    "announce_to_chat": false,
    "hidden": true
  },
  "rewards": {
    "experience": 50
  },
  "criteria": {
    "in_outpost_nether_brick": {
      "trigger": "minecraft:location",
      "conditions": {
        "feature": "repurposed_structures:outpost_nether_brick"
      }
    }
  },
  "requirements": [
    [
      "in_outpost_nether_brick"
    ]
  ]
}