
{
  "parent": "repurposed_structures:outposts",
  "display": {
    "icon": {
      "item": "minecraft:jungle_log"
    },
    "title": {
      "text": "Pillaging the Jungle Watchtower"
    },
    "description": {
      "text": "Enter a Jungle Outpost"
    },
    "show_toast": false
    "announce_to_chat": false
    "hidden": true
  },
  "rewards": {
    "experience": 50
  },
  "criteria": {
    "in_outpost_jungle": {
      "trigger": "minecraft:location",
      "conditions": {
        "feature": "repurposed_structures:outpost_jungle"
      }
    }
  },
  "requirements": [
    [
      "in_outpost_jungle"
    ]
  ]
}