{
  "parent": "repurposed_structures:outposts",
  "display": {
    "icon": {
      "item": "minecraft:oak_log"
    },
    "title": {
      "text": "Oak Post"
    },
    "description": {
      "text": "Enter a Oak Outpost"
    },
    "show_toast": false,
    "announce_to_chat": false,
    "hidden": true
  },
  "rewards": {
    "experience": 50
  },
  "criteria": {
    "in_outpost_oak": {
      "trigger": "minecraft:location",
      "conditions": {
        "feature": "repurposed_structures:outpost_oak"
      }
    }
  },
  "requirements": [
    [
      "in_outpost_oak"
    ]
  ]
}