{
  "parent": "repurposed_structures:outposts",
  "display": {
    "icon": {
      "item": "minecraft:crimson_planks"
    },
    "title": {
      "translate": "The Overseeing Red Tower"
    },
    "description": {
      "translate": "Enter a Crimson Outpost"
    },
    "show_toast": false,
    "announce_to_chat": false,
    "hidden": true
  },
  "rewards": {
    "experience": 50
  },
  "criteria": {
    "in_outpost_crimson": {
      "trigger": "minecraft:location",
      "conditions": {
        "feature": "repurposed_structures:outpost_crimson"
      }
    }
  },
  "requirements": [
    [
      "in_outpost_crimson"
    ]
  ]
}