
{
  "parent": "repurposed_structures:outposts",
  "display": {
    "icon": {
      "item": "minecraft:chiseled_red_sandstone"
    },
    "title": {
      "text": "The Red Pillager Tower"
    },
    "description": {
      "text": "Enter a Badlands Outpost"
    },
    "show_toast": false
    "announce_to_chat": false
    "hidden": true
  },
  "rewards": {
    "experience": 50
  },
  "criteria": {
    "in_outpost_badlands": {
      "trigger": "minecraft:location",
      "conditions": {
        "feature": "repurposed_structures:outpost_badlands"
      }
    }
  },
  "requirements": [
    [
      "in_outpost_badlands"
    ]
  ]
}