{
  "parent": "repurposed_structures:outposts",
  "display": {
    "icon": {
      "item": "minecraft:warped_planks"
    },
    "title": {
      "translate": "A Warped View from an Outpost"
    },
    "description": {
      "translate": "Enter a Warped Outpost"
    },
    "show_toast": false,
    "announce_to_chat": false,
    "hidden": true
  },
  "rewards": {
    "experience": 50
  },
  "criteria": {
    "in_outpost_warped": {
      "trigger": "minecraft:location",
      "conditions": {
        "feature": "repurposed_structures:outpost_warped"
      }
    }
  },
  "requirements": [
    [
      "in_outpost_warped"
    ]
  ]
}