{
  "parent": "repurposed_structures:shipwrecks",
  "display": {
    "icon": {
      "item": "minecraft:soul_campfire"
    },
    "title": {
      "translate": "Hell's own Ghost Ship"
    },
    "description": {
      "translate": "Enter a Warped Shipwreck"
    },
    "hidden": true
  },
  "rewards": {
    "experience": 110
  },
  "criteria": {
    "in_shipwreck_warped": {
      "trigger": "minecraft:impossible"
    }
  },
  "requirements": [
    [
      "in_shipwreck_warped"
    ]
  ]
}