{
  "parent": "repurposed_structures:mineshafts",
  "display": {
    "icon": {
      "item": "minecraft:stone"
    },
    "title": {
      "translate": "advancements.repurposed_structures.mineshaft_stone.title"
    },
    "description": {
      "translate": "advancements.repurposed_structures.mineshaft_stone.description"
    },
    "hidden": true
  },
  "rewards": {
    "experience": 20
  },
  "criteria": {
    "in_mineshaft_stone": {
      "trigger": "minecraft:location",
      "conditions": {
        "feature": "repurposed_structures:mineshaft_stone"
      }
    }
  },
  "requirements": [
    [
      "in_mineshaft_stone"
    ]
  ]
}