{
  "parent": "repurposed_structures:mineshafts",
  "display": {
    "icon": {
      "item": "minecraft:purpur_block"
    },
    "title": {
      "translate": "advancements.repurposed_structures.mineshaft_end.title"
    },
    "description": {
      "translate": "advancements.repurposed_structures.mineshaft_end.description"
    },
    "hidden": true
  },
  "rewards": {
    "experience": 20
  },
  "criteria": {
    "in_mineshaft_end": {
      "trigger": "minecraft:location",
      "conditions": {
        "feature": "repurposed_structures:mineshaft_end"
      }
    }
  },
  "requirements": [
    [
      "in_mineshaft_end"
    ]
  ]
}