{
  "parent": "repurposed_structures:mineshafts",
  "display": {
    "icon": {
      "item": "minecraft:acacia_planks"
    },
    "title": {
      "translate": "The Mine is Orange? Always has Been"
    },
    "description": {
      "translate": "Enter a Savanna Mineshaft"
    },
    "hidden": true
  },
  "rewards": {
    "experience": 20
  },
  "criteria": {
    "in_mineshaft_savanna": {
      "trigger": "minecraft:impossible"
    }
  },
  "requirements": [
    [
      "in_mineshaft_savanna"
    ]
  ]
}