{
  "parent": "repurposed_structures:mineshafts",
  "display": {
    "icon": {
      "item": "minecraft:sea_lantern"
    },
    "title": {
      "translate": "Swimming with the Drowned Miners"
    },
    "description": {
      "translate": "Enter a Ocean Mineshaft"
    },
    "hidden": true
  },
  "rewards": {
    "experience": 20
  },
  "criteria": {
    "in_mineshaft_ocean": {
      "trigger": "minecraft:impossible"
    }
  },
  "requirements": [
    [
      "in_mineshaft_ocean"
    ]
  ]
}