{
  "parent": "repurposed_structures:mineshafts",
  "display": {
    "icon": {
      "item": "minecraft:lily_pad"
    },
    "title": {
      "translate": "Musky Moist Tunnels"
    },
    "description": {
      "translate": "Enter a Swamp Mineshaft"
    },
    "hidden": true
  },
  "rewards": {
    "experience": 20
  },
  "criteria": {
    "in_mineshaft_swamp": {
      "trigger": "minecraft:impossible"
    }
  },
  "requirements": [
    [
      "in_mineshaft_swamp"
    ]
  ]
}