{
  "parent": "repurposed_structures:mineshafts",
  "display": {
    "icon": {
      "item": "minecraft:dark_oak_planks"
    },
    "title": {
      "translate": "A Dark and Swampy Tunnel"
    },
    "description": {
      "translate": "Enter a Swamp or Dark Forest Mineshaft"
    },
    "hidden": true
  },
  "rewards": {
    "experience": 20
  },
  "criteria": {
    "in_mineshaft_swamp_or_dark_forest": {
      "trigger": "minecraft:impossible"
    }
  },
  "requirements": [
    [
      "in_mineshaft_swamp_or_dark_forest"
    ]
  ]
}