{
  "parent": "repurposed_structures:mineshafts",
  "display": {
    "icon": {
      "item": "minecraft:sandstone"
    },
    "title": {
      "translate": "A Mine that is Coarse and Rough..."
    },
    "description": {
      "translate": "Enter a Desert Mineshaft"
    },
    "hidden": true
  },
  "rewards": {
    "experience": 20
  },
  "criteria": {
    "in_mineshaft_desert": {
      "trigger": "minecraft:impossible"
    }
  },
  "requirements": [
    [
      "in_mineshaft_desert"
    ]
  ]
}