{
  "parent": "repurposed_structures:mineshafts",
  "display": {
    "icon": {
      "item": "minecraft:warped_nylium"
    },
    "title": {
      "translate": "Twisting and Turning Mines"
    },
    "description": {
      "translate": "Enter a Warped Mineshaft"
    },
    "hidden": true
  },
  "rewards": {
    "experience": 20
  },
  "criteria": {
    "in_mineshaft_warped": {
      "trigger": "minecraft:impossible"
    }
  },
  "requirements": [
    [
      "in_mineshaft_warped"
    ]
  ]
}