{
  "parent": "repurposed_structures:ruins",
  "display": {
    "icon": {
      "item": "minecraft:wheat"
    },
    "title": {
      "translate": "There's always history in ruins. Even on land..."
    },
    "description": {
      "translate": "Enter a Warm Land Ruins"
    },
    "show_toast": false,
    "announce_to_chat": false,
    "hidden": true
  },
  "rewards": {
    "experience": 20
  },
  "criteria": {
    "in_ruins_land_warm": {
      "trigger": "minecraft:location",
      "conditions": {
        "feature": "repurposed_structures:ruins_land_warm"
      }
    }
  },
  "requirements": [
    [
      "in_ruins_land_warm"
    ]
  ]
}