{
  "parent": "repurposed_structures:fortresses",
  "display": {
    "icon": {
      "item": "minecraft:mossy_stone_bricks"
    },
    "title": {
      "translate": "Decaying Glory"
    },
    "description": {
      "translate": "Enter a Jungle Fortress"
    },
    "hidden": true
  },
  "rewards": {
    "experience": 100
  },
  "criteria": {
    "in_jungle_fortress": {
      "trigger": "minecraft:impossible"
    }
  },
  "requirements": [
    [
      "in_jungle_fortress"
    ]
  ]
}