{
  "parent": "repurposed_structures:igloos",
  "display": {
    "icon": {
      "item": "minecraft:grass_block"
    },
    "title": {
      "translate": "It was a Hobbit-Hole"
    },
    "description": {
      "translate": "Enter a Grassy Igloo"
    },
    "show_toast": false,
    "announce_to_chat": false,
    "hidden": true
  },
  "rewards": {
    "experience": 20
  },
  "criteria": {
    "in_igloo_grassy": {
      "trigger": "minecraft:location",
      "conditions": {
        "feature": "repurposed_structures:igloo_grassy"
      }
    }
  },
  "requirements": [
    [
      "in_igloo_grassy"
    ]
  ]
}