{
  "parent": "repurposed_structures:shipwrecks",
  "display": {
    "icon": {
      "item": "minecraft:soul_campfire"
    },
    "title": {
      "translate": "Hell's own Ghost Ship"
    },
    "description": {
      "translate": "Enter a Warped Shipwreck"
    },
    "show_toast": false,
    "announce_to_chat": false,
    "hidden": true
  },
  "rewards": {
    "experience": 110
  },
  "criteria": {
    "in_shipwreck_warped": {
      "trigger": "minecraft:location",
      "conditions": {
        "feature": "repurposed_structures:shipwreck_warped"
      }
    }
  },
  "requirements": [
    [
      "in_shipwreck_warped"
    ]
  ]
}