{
  "parent": "repurposed_structures:shipwrecks",
  "display": {
    "icon": {
      "item": "minecraft:purpur_stairs"
    },
    "title": {
      "translate": "The Ship that cannot Fly Again"
    },
    "description": {
      "translate": "Enter a End Shipwreck"
    },
    "show_toast": false,
    "announce_to_chat": false,
    "hidden": true
  },
  "rewards": {
    "experience": 60
  },
  "criteria": {
    "in_shipwreck_end": {
      "trigger": "minecraft:location",
      "conditions": {
        "feature": "repurposed_structures:shipwreck_end"
      }
    }
  },
  "requirements": [
    [
      "in_shipwreck_end"
    ]
  ]
}