{
  "parent": "repurposed_structures:shipwrecks",
  "display": {
    "icon": {
      "item": "minecraft:campfire"
    },
    "title": {
      "translate": "The Burning Velvet Ship."
    },
    "description": {
      "translate": "Enter a Crimson Shipwreck"
    },
    "show_toast": false,
    "announce_to_chat": false,
    "hidden": true
  },
  "rewards": {
    "experience": 110
  },
  "criteria": {
    "in_shipwreck_crimson": {
      "trigger": "minecraft:location",
      "conditions": {
        "feature": "repurposed_structures:shipwreck_crimson"
      }
    }
  },
  "requirements": [
    [
      "in_shipwreck_crimson"
    ]
  ]
}