{
  "parent": "repurposed_structures:temples",
  "display": {
    "icon": {
      "item": "minecraft:basalt"
    },
    "title": {
      "translate": "The Burning Temple"
    },
    "description": {
      "translate": "Enter a Nether Basalt Temple"
    },
    "hidden": true
  },
  "rewards": {
    "experience": 50
  },
  "criteria": {
    "in_temple_nether_basalt": {
      "trigger": "minecraft:impossible"
    }
  },
  "requirements": [
    [
      "in_temple_nether_basalt"
    ]
  ]
}