{
  "parent": "repurposed_structures:mineshafts",
  "display": {
    "icon": {
      "item": "minecraft:crimson_nylium"
    },
    "title": {
      "translate": "Lust Red Mines"
    },
    "description": {
      "translate": "Enter a Crimson Mineshaft"
    },
    "hidden": true
  },
  "rewards": {
    "experience": 20
  },
  "criteria": {
    "in_mineshaft_crimson": {
      "trigger": "minecraft:impossible"
    }
  },
  "requirements": [
    [
      "in_mineshaft_crimson"
    ]
  ]
}