{
  "parent": "repurposed_structures:mineshafts",
  "display": {
    "icon": {
      "item": "minecraft:nether_bricks"
    },
    "title": {
      "translate": "Smoldering Mines"
    },
    "description": {
      "translate": "Enter a Nether Mineshaft"
    },
    "hidden": true
  },
  "rewards": {
    "experience": 20
  },
  "criteria": {
    "in_mineshaft_nether": {
      "trigger": "minecraft:impossible"
    }
  },
  "requirements": [
    [
      "in_mineshaft_nether"
    ]
  ]
}