{
  "parent": "repurposed_structures:villages",
  "display": {
    "icon": {
      "item": "minecraft:chiseled_stone_bricks"
    },
    "title": {
      "translate": "advancements.repurposed_structures.village_mountains.title"
    },
    "description": {
      "translate": "advancements.repurposed_structures.village_mountains.description"
    },
    "hidden": true
  },
  "rewards": {
    "experience": 20
  },
  "criteria": {
    "in_village_mountains": {
      "trigger": "minecraft:location",
      "conditions": {
        "feature": "repurposed_structures:village_mountains"
      }
    }
  },
  "requirements": [
    [
      "in_village_mountains"
    ]
  ]
}