{
  "parent": "repurposed_structures:villages",
  "display": {
    "icon": {
      "item": "minecraft:spruce_wood"
    },
    "title": {
      "translate": "advancements.repurposed_structures.village_giant_taiga.title"
    },
    "description": {
      "translate": "advancements.repurposed_structures.village_giant_taiga.description"
    },
    "hidden": true
  },
  "rewards": {
    "experience": 20
  },
  "criteria": {
    "in_village_giant_taiga": {
      "trigger": "minecraft:location",
      "conditions": {
        "feature": "repurposed_structures:village_giant_taiga"
      }
    }
  },
  "requirements": [
    [
      "in_village_giant_taiga"
    ]
  ]
}