{
  "parent": "repurposed_structures:villages",
  "display": {
    "icon": {
      "item": "minecraft:jungle_wood"
    },
    "title": {
      "translate": "advancements.repurposed_structures.village_jungle.title"
    },
    "description": {
      "translate": "advancements.repurposed_structures.village_jungle.description"
    },
    "hidden": true
  },
  "rewards": {
    "experience": 20
  },
  "criteria": {
    "in_village_jungle": {
      "trigger": "minecraft:location",
      "conditions": {
        "feature": "repurposed_structures:village_jungle"
      }
    }
  },
  "requirements": [
    [
      "in_village_jungle"
    ]
  ]
}