{
  "parent": "repurposed_structures:villages",
  "display": {
    "icon": {
      "item": "minecraft:stripped_warped_stem"
    },
    "title": {
      "translate": "advancements.repurposed_structures.village_warped.title"
    },
    "description": {
      "translate": "advancements.repurposed_structures.village_warped.description"
    },
    "hidden": true
  },
  "rewards": {
    "experience": 20
  },
  "criteria": {
    "in_village_warped": {
      "trigger": "minecraft:location",
      "conditions": {
        "feature": "repurposed_structures:village_warped"
      }
    }
  },
  "requirements": [
    [
      "in_village_warped"
    ]
  ]
}