{
  "parent": "repurposed_structures:pyramids",
  "display": {
    "icon": {
      "item": "minecraft:dark_prismarine"
    },
    "title": {
      "translate": "Temple of the Sea"
    },
    "description": {
      "translate": "Enter a Ocean Pyramid"
    },
    "hidden": true
  },
  "rewards": {
    "experience": 20
  },
  "criteria": {
    "in_pyramid_ocean": {
      "trigger": "minecraft:impossible"
    }
  },
  "requirements": [
    [
      "in_pyramid_ocean"
    ]
  ]
}