{
  "parent": "repurposed_structures:pyramids",
  "display": {
    "icon": {
      "item": "minecraft:spruce_wood"
    },
    "title": {
      "text": "A shrine made of ancient spruce wood"
    },
    "description": {
      "text": "Enter a Giant Tree Taiga Pyramid"
    },
    "hidden": true
  },
  "rewards": {
    "experience": 20
  },
  "criteria": {
    "in_pyramid_giant_tree_taiga": {
      "trigger": "minecraft:impossible"
    }
  },
  "requirements": [
    [
      "in_pyramid_giant_tree_taiga"
    ]
  ]
}