{
  "parent": "repurposed_structures:pyramids",
  "display": {
    "icon": {
      "item": "minecraft:smooth_red_sandstone"
    },
    "title": {
      "translate": "Red Pyramid in the Hot Sun"
    },
    "description": {
      "translate": "Enter a Badlands Pyramid"
    },
    "hidden": true
  },
  "rewards": {
    "experience": 20
  },
  "criteria": {
    "in_pyramid_badlands": {
      "trigger": "minecraft:impossible"
    }
  },
  "requirements": [
    [
      "in_pyramid_badlands"
    ]
  ]
}