{
  "parent": "repurposed_structures:pyramids",
  "display": {
    "icon": {
      "item": "minecraft:red_mushroom_block"
    },
    "title": {
      "translate": "There's a fungus among us in this Pyramid!"
    },
    "description": {
      "translate": "Enter a Mushroom Pyramid"
    },
    "hidden": true
  },
  "rewards": {
    "experience": 100
  },
  "criteria": {
    "in_pyramid_mushroom": {
      "trigger": "minecraft:impossible"
    }
  },
  "requirements": [
    [
      "in_pyramid_mushroom"
    ]
  ]
}