{
  "parent": "repurposed_structures:pyramids",
  "display": {
    "icon": {
      "item": "minecraft:blackstone"
    },
    "title": {
      "translate": "The Pyramid that Bridges Worlds"
    },
    "description": {
      "translate": "Enter a Nether Pyramid"
    },
    "hidden": true
  },
  "rewards": {
    "experience": 20
  },
  "criteria": {
    "in_pyramid_nether": {
      "trigger": "minecraft:impossible"
    }
  },
  "requirements": [
    [
      "in_pyramid_nether"
    ]
  ]
}