{
  "parent": "repurposed_structures:ruined_portals",
  "display": {
    "icon": {
      "item": "minecraft:crying_obsidian"
    },
    "title": {
      "translate": "The Useless Portal"
    },
    "description": {
      "translate": "Find an End themed Ruined Portal!"
    },
    "hidden": true
  },
  "rewards": {
    "experience": 50
  },
  "criteria": {
    "in_ruined_portal_end": {
      "trigger": "minecraft:impossible"
    }
  },
  "requirements": [
    [
      "in_ruined_portal_end"
    ]
  ]
}