{
  "parent": "repurposed_structures:pyramids",
  "display": {
    "icon": {
      "item": "minecraft:cracked_stone_bricks"
    },
    "title": {
      "translate": "Pyramid of the Creepy Crawlers"
    },
    "description": {
      "translate": "Enter a Jungle Pyramid"
    },
    "hidden": true
  },
  "rewards": {
    "experience": 20
  },
  "criteria": {
    "in_pyramid_jungle": {
      "trigger": "minecraft:impossible"
    }
  },
  "requirements": [
    [
      "in_pyramid_jungle"
    ]
  ]
}