{
  "parent": "repurposed_structures:root",
  "display": {
    "icon": {
      "item": "minecraft:tnt"
    },
    "title": {
      "translate": "RS Pyramids"
    },
    "description": {
      "translate": "Find all new Pyramids!"
    },
    "show_toast": true,
    "announce_to_chat": true,
    "hidden": false
  },
  "criteria": {
    "in_pyramid_badlands": {
      "trigger": "minecraft:location",
      "conditions": {
        "feature": "repurposed_structures:pyramid_badlands"
      }
    },
    "in_pyramid_end": {
      "trigger": "minecraft:location",
      "conditions": {
        "feature": "repurposed_structures:pyramid_end"
      }
    },
    "in_pyramid_flower_forest": {
      "trigger": "minecraft:location",
      "conditions": {
        "feature": "repurposed_structures:pyramid_flower_forest"
      }
    },
    "in_pyramid_giant_tree_taiga": {
      "trigger": "minecraft:location",
      "conditions": {
        "feature": "repurposed_structures:pyramid_giant_tree_taiga"
      }
    },
    "in_pyramid_icy": {
      "trigger": "minecraft:location",
      "conditions": {
        "feature": "repurposed_structures:pyramid_icy"
      }
    },
    "in_pyramid_jungle": {
      "trigger": "minecraft:location",
      "conditions": {
        "feature": "repurposed_structures:pyramid_jungle"
      }
    },
    "in_pyramid_mushroom": {
      "trigger": "minecraft:location",
      "conditions": {
        "feature": "repurposed_structures:pyramid_mushroom"
      }
    },
    "in_pyramid_nether": {
      "trigger": "minecraft:location",
      "conditions": {
        "feature": "repurposed_structures:pyramid_nether"
      }
    },
    "in_pyramid_ocean": {
      "trigger": "minecraft:location",
      "conditions": {
        "feature": "repurposed_structures:pyramid_ocean"
      }
    },
    "in_pyramid_snowy": {
      "trigger": "minecraft:location",
      "conditions": {
        "feature": "repurposed_structures:pyramid_snowy"
      }
    }
  },
  "requirements": [
    [
      "in_pyramid_badlands"
    ],
    [
      "in_pyramid_end"
    ],
    [
      "in_pyramid_flower_forest"
    ],
    [
      "in_pyramid_giant_tree_taiga"
    ],
    [
      "in_pyramid_icy"
    ],
    [
      "in_pyramid_jungle"
    ],
    [
      "in_pyramid_mushroom"
    ],
    [
      "in_pyramid_nether"
    ],
    [
      "in_pyramid_ocean"
    ],
    [
      "in_pyramid_snowy"
    ]
  ]
}