{
  "parent": "repurposed_structures:root",
  "display": {
    "icon": {
      "item": "minecraft:arrow"
    },
    "title": {
      "translate": "RS Temples"
    },
    "description": {
      "translate": "Find all new Temples!"
    },
    "show_toast": true,
    "announce_to_chat": true,
    "hidden": false
  },
  "criteria": {
    "in_temple_nether_basalt": {
      "trigger": "minecraft:location",
      "conditions": {
        "feature": "repurposed_structures:temple_nether_basalt"
      }
    },
    "in_temple_nether_crimson": {
      "trigger": "minecraft:location",
      "conditions": {
        "feature": "repurposed_structures:temple_nether_crimson"
      }
    },
    "in_temple_nether_soul": {
      "trigger": "minecraft:location",
      "conditions": {
        "feature": "repurposed_structures:temple_nether_soul"
      }
    },
    "in_temple_nether_warped": {
      "trigger": "minecraft:location",
      "conditions": {
        "feature": "repurposed_structures:temple_nether_warped"
      }
    },
    "in_temple_nether_wasteland": {
      "trigger": "minecraft:location",
      "conditions": {
        "feature": "repurposed_structures:temple_nether_wasteland"
      }
    }
  },
  "requirements": [
    [
      "in_temple_nether_basalt"
    ],
    [
      "in_temple_nether_crimson"
    ],
    [
      "in_temple_nether_soul"
    ],
    [
      "in_temple_nether_warped"
    ],
    [
      "in_temple_nether_wasteland"
    ]
  ]
}