{
  "parent": "repurposed_structures:root",
  "display": {
    "icon": {
      "item": "minecraft:cauldron"
    },
    "title": {
      "translate": "RS Witch Huts"
    },
    "description": {
      "translate": "Find all new Witch Huts!"
    },
    "show_toast": true,
    "announce_to_chat": true,
    "hidden": false
  },
  "criteria": {
    "in_witch_hut_birch": {
      "trigger": "minecraft:location",
      "conditions": {
        "feature": "repurposed_structures:witch_hut_birch"
      }
    },
    "in_witch_hut_dark_forest": {
      "trigger": "minecraft:location",
      "conditions": {
        "feature": "repurposed_structures:witch_hut_dark_forest"
      }
    },
    "in_witch_hut_giant_tree_taiga": {
      "trigger": "minecraft:location",
      "conditions": {
        "feature": "repurposed_structures:witch_hut_giant_tree_taiga"
      }
    },
    "in_witch_hut_oak": {
      "trigger": "minecraft:location",
      "conditions": {
        "feature": "repurposed_structures:witch_hut_oak"
      }
    },
    "in_witch_hut_taiga": {
      "trigger": "minecraft:location",
      "conditions": {
        "feature": "repurposed_structures:witch_hut_taiga"
      }
    }
  },
  "requirements": [
    [
      "in_witch_hut_birch"
    ],
    [
      "in_witch_hut_dark_forest"
    ],
    [
      "in_witch_hut_giant_tree_taiga"
    ],
    [
      "in_witch_hut_oak"
    ],
    [
      "in_witch_hut_taiga"
    ]
  ]
}