{
  "parent": "repurposed_structures:shipwrecks",
  "display": {
    "icon": {
      "item": "minecraft:purpur_stairs"
    },
    "title": {
      "translate": "advancements.repurposed_structures.shipwreck_end.title"
    },
    "description": {
      "translate": "advancements.repurposed_structures.shipwreck_end.description"
    },
    "hidden": true
  },
  "rewards": {
    "experience": 60
  },
  "criteria": {
    "in_shipwreck_end": {
      "trigger": "minecraft:location",
      "conditions": {
        "feature": "repurposed_structures:shipwreck_end"
      }
    }
  },
  "requirements": [
    [
      "in_shipwreck_end"
    ]
  ]
}