{
  "parent": "repurposed_structures:shipwrecks",
  "display": {
    "icon": {
      "item": "minecraft:campfire"
    },
    "title": {
      "translate": "advancements.repurposed_structures.shipwreck_crimson.title"
    },
    "description": {
      "translate": "advancements.repurposed_structures.shipwreck_crimson.description"
    },
    "hidden": true
  },
  "rewards": {
    "experience": 110
  },
  "criteria": {
    "in_shipwreck_crimson": {
      "trigger": "minecraft:location",
      "conditions": {
        "feature": "repurposed_structures:shipwreck_crimson"
      }
    }
  },
  "requirements": [
    [
      "in_shipwreck_crimson"
    ]
  ]
}