{
  "parent": "repurposed_structures:shipwrecks",
  "display": {
    "icon": {
      "item": "minecraft:wither_skeleton_skull"
    },
    "title": {
      "translate": "advancements.repurposed_structures.shipwreck_nether_bricks.title"
    },
    "description": {
      "translate": "advancements.repurposed_structures.shipwreck_nether_bricks.description"
    },
    "hidden": true
  },
  "rewards": {
    "experience": 150
  },
  "criteria": {
    "in_shipwreck_nether_bricks": {
      "trigger": "minecraft:location",
      "conditions": {
        "feature": "repurposed_structures:shipwreck_nether_bricks"
      }
    }
  },
  "requirements": [
    [
      "in_shipwreck_nether_bricks"
    ]
  ]
}