{
  "parent": "repurposed_structures:mansions",
  "display": {
    "icon": {
      "item": "minecraft:jungle_stairs"
    },
    "title": {
      "translate": "advancements.repurposed_structures.mansion_jungle.title"
    },
    "description": {
      "translate": "advancements.repurposed_structures.mansion_jungle.description"
    },
    "hidden": true
  },
  "rewards": {
    "experience": 500
  },
  "criteria": {
    "in_mansion_jungle": {
      "trigger": "minecraft:location",
      "conditions": {
        "feature": "repurposed_structures:mansion_jungle"
      }
    }
  },
  "requirements": [
    [
      "in_mansion_jungle"
    ]
  ]
}