{
  "parent": "repurposed_structures:mansions",
  "display": {
    "icon": {
      "item": "minecraft:oak_stairs"
    },
    "title": {
      "text": "advancements.repurposed_structures.mansion_oak.title"
    },
    "description": {
      "text": "advancements.repurposed_structures.mansion_oak.description"
    },
    "hidden": true
  },
  "rewards": {
    "experience": 500
  },
  "criteria": {
    "in_mansion_oak": {
      "trigger": "minecraft:location",
      "conditions": {
        "feature": "repurposed_structures:mansion_oak"
      }
    }
  },
  "requirements": [
    [
      "in_mansion_oak"
    ]
  ]
}