{
  "parent": "repurposed_structures:mansions",
  "display": {
    "icon": {
      "item": "minecraft:spruce_stairs"
    },
    "title": {
      "text": "advancements.repurposed_structures.mansion_taiga.title"
    },
    "description": {
      "text": "advancements.repurposed_structures.mansion_taiga.description"
    },
    "hidden": true
  },
  "rewards": {
    "experience": 500
  },
  "criteria": {
    "in_mansion_taiga": {
      "trigger": "minecraft:location",
      "conditions": {
        "feature": "repurposed_structures:mansion_taiga"
      }
    }
  },
  "requirements": [
    [
      "in_mansion_taiga"
    ]
  ]
}