{
  "parent": "repurposed_structures:mansions",
  "display": {
    "icon": {
      "item": "minecraft:sandstone_stairs"
    },
    "title": {
      "text": "The Mansion under the Hot Desert Sun"
    },
    "description": {
      "text": "Enter a Desert Mansion"
    },
    "show_toast": false,
    "announce_to_chat": false,
    "hidden": true
  },
  "rewards": {
    "experience": 500
  },
  "criteria": {
    "in_mansion_desert": {
      "trigger": "minecraft:location",
      "conditions": {
        "feature": "repurposed_structures:mansion_desert"
      }
    }
  },
  "requirements": [
    [
      "in_mansion_desert"
    ]
  ]
}