{
  "parent": "repurposed_structures:mansions",
  "display": {
    "icon": {
      "item": "minecraft:snow_block"
    },
    "title": {
      "text": "Igloo? Nah! Snowy Mansion wins! "
    },
    "description": {
      "text": "Enter a Snowy Mansion"
    },
    "show_toast": false,
    "announce_to_chat": false,
    "hidden": true
  },
  "rewards": {
    "experience": 500
  },
  "criteria": {
    "in_mansion_snowy": {
      "trigger": "minecraft:location",
      "conditions": {
        "feature": "repurposed_structures:mansion_snowy"
      }
    }
  },
  "requirements": [
    [
      "in_mansion_snowy"
    ]
  ]
}