{
  "parent": "repurposed_structures:mansions",
  "display": {
    "icon": {
      "item": "minecraft:oak_stairs"
    },
    "title": {
      "text": "A foresty Oak Mansion"
    },
    "description": {
      "text": "Enter an Oak Mansion"
    },
    "show_toast": false,
    "announce_to_chat": false,
    "hidden": true
  },
  "rewards": {
    "experience": 500
  },
  "criteria": {
    "in_mansion_oak": {
      "trigger": "minecraft:location",
      "conditions": {
        "feature": "repurposed_structures:mansion_oak"
      }
    }
  },
  "requirements": [
    [
      "in_mansion_oak"
    ]
  ]
}