{
  "parent": "repurposed_structures:mansions",
  "display": {
    "icon": {
      "item": "minecraft:spruce_stairs"
    },
    "title": {
      "text": "Pine Manor"
    },
    "description": {
      "text": "Enter a Taiga Mansion"
    },
    "show_toast": false,
    "announce_to_chat": false,
    "hidden": true
  },
  "rewards": {
    "experience": 500
  },
  "criteria": {
    "in_mansion_taiga": {
      "trigger": "minecraft:location",
      "conditions": {
        "feature": "repurposed_structures:mansion_taiga"
      }
    }
  },
  "requirements": [
    [
      "in_mansion_taiga"
    ]
  ]
}