{
  "parent": "repurposed_structures:witch_huts",
  "display": {
    "icon": {
      "item": "minecraft:oak_fence"
    },
    "title": {
      "text": "No forest is safe from Witches! Not even Oak!"
    },
    "description": {
      "text": "Enter a Oak Witch Hut"
    },
    "show_toast": false,
    "announce_to_chat": false,
    "hidden": true
  },
  "rewards": {
    "experience": 20
  },
  "criteria": {
    "in_witch_hut_oak": {
      "trigger": "minecraft:location",
      "conditions": {
        "feature": "repurposed_structures:witch_hut_oak"
      }
    }
  },
  "requirements": [
    [
      "in_witch_hut_oak"
    ]
  ]
}