{
  "parent": "repurposed_structures:witch_huts",
  "display": {
    "icon": {
      "item": "minecraft:birch_fence"
    },
    "title": {
      "text": "Spooky Birch Hut"
    },
    "description": {
      "text": "Enter a Birch Witch Hut"
    },
    "show_toast": false,
    "announce_to_chat": false,
    "hidden": true
  },
  "rewards": {
    "experience": 20
  },
  "criteria": {
    "in_witch_hut_birch": {
      "trigger": "minecraft:location",
      "conditions": {
        "feature": "repurposed_structures:witch_hut_birch"
      }
    }
  },
  "requirements": [
    [
      "in_witch_hut_birch"
    ]
  ]
}