{
  "parent": "repurposed_structures:villages",
  "display": {
    "icon": {
      "item": "minecraft:stripped_crimson_stem"
    },
    "title": {
      "translate": "The Town in the Red Forest"
    },
    "description": {
      "translate": "Enter a Crimson Village"
    },
    "show_toast": false,
    "announce_to_chat": false,
    "hidden": true
  },
  "rewards": {
    "experience": 20
  },
  "criteria": {
    "in_village_crimson": {
      "trigger": "minecraft:location",
      "conditions": {
        "feature": "repurposed_structures:village_crimson"
      }
    }
  },
  "requirements": [
    [
      "in_village_crimson"
    ]
  ]
}