{
  "parent": "repurposed_structures:villages",
  "display": {
    "icon": {
      "item": "minecraft:chiseled_red_sandstone"
    },
    "title": {
      "translate": "The Wild West Town"
    },
    "description": {
      "translate": "Enter a Badlands Village"
    },
    "show_toast": false,
    "announce_to_chat": false,
    "hidden": true
  },
  "rewards": {
    "experience": 20
  },
  "criteria": {
    "in_village_badlands": {
      "trigger": "minecraft:location",
      "conditions": {
        "feature": "repurposed_structures:village_badlands"
      }
    }
  },
  "requirements": [
    [
      "in_village_badlands"
    ]
  ]
}