{
  "parent": "repurposed_structures:villages",
  "display": {
    "icon": {
      "item": "minecraft:chiseled_stone_bricks"
    },
    "title": {
      "translate": "The Folks Living at Heights"
    },
    "description": {
      "translate": "Enter a Mountains Village"
    },
    "show_toast": false,
    "announce_to_chat": false,
    "hidden": true
  },
  "rewards": {
    "experience": 20
  },
  "criteria": {
    "in_village_mountains": {
      "trigger": "minecraft:location",
      "conditions": {
        "feature": "repurposed_structures:village_mountains"
      }
    }
  },
  "requirements": [
    [
      "in_village_mountains"
    ]
  ]
}