{
  "parent": "repurposed_structures:villages",
  "display": {
    "icon": {
      "item": "minecraft:spruce_wood"
    },
    "title": {
      "translate": "Rocky Houses Among the Giant Trees"
    },
    "description": {
      "translate": "Enter a Giant Taiga Village"
    },
    "show_toast": false,
    "announce_to_chat": false,
    "hidden": true
  },
  "rewards": {
    "experience": 20
  },
  "criteria": {
    "in_village_giant_taiga": {
      "trigger": "minecraft:location",
      "conditions": {
        "feature": "repurposed_structures:village_giant_taiga"
      }
    }
  },
  "requirements": [
    [
      "in_village_giant_taiga"
    ]
  ]
}