{
  "parent": "repurposed_structures:villages",
  "display": {
    "icon": {
      "item": "minecraft:oak_wood"
    },
    "title": {
      "translate": "A Town of the Forest"
    },
    "description": {
      "translate": "Enter a Oak Village"
    },
    "show_toast": false,
    "announce_to_chat": false,
    "hidden": true
  },
  "rewards": {
    "experience": 20
  },
  "criteria": {
    "in_village_oak": {
      "trigger": "minecraft:location",
      "conditions": {
        "feature": "repurposed_structures:village_oak"
      }
    }
  },
  "requirements": [
    [
      "in_village_oak"
    ]
  ]
}