{
  "parent": "repurposed_structures:villages",
  "display": {
    "icon": {
      "item": "minecraft:dark_oak_wood"
    },
    "title": {
      "translate": "The Dark Settlement"
    },
    "description": {
      "translate": "Enter a Dark Oak Village"
    },
    "hidden": true
  },
  "rewards": {
    "experience": 20
  },
  "criteria": {
    "in_village_dark_oak": {
      "trigger": "minecraft:impossible"
    }
  },
  "requirements": [
    [
      "in_village_dark_oak"
    ]
  ]
}