{
  "parent": "repurposed_structures:villages",
  "display": {
    "icon": {
      "item": "minecraft:stripped_warped_stem"
    },
    "title": {
      "translate": "Twisted Townsfolks"
    },
    "description": {
      "translate": "Enter a Warped Village"
    },
    "hidden": true
  },
  "rewards": {
    "experience": 20
  },
  "criteria": {
    "in_village_warped": {
      "trigger": "minecraft:impossible"
    }
  },
  "requirements": [
    [
      "in_village_warped"
    ]
  ]
}