{
  "parent": "repurposed_structures:villages",
  "display": {
    "icon": {
      "item": "minecraft:jungle_wood"
    },
    "title": {
      "translate": "The Lost Civilization"
    },
    "description": {
      "translate": "Enter a Jungle Village"
    },
    "hidden": true
  },
  "rewards": {
    "experience": 20
  },
  "criteria": {
    "in_village_jungle": {
      "trigger": "minecraft:impossible"
    }
  },
  "requirements": [
    [
      "in_village_jungle"
    ]
  ]
}