
{
  "parent": "repurposed_structures:outposts",
  "display": {
    "icon": {
      "item": "minecraft:cobblestone"
    },
    "title": {
      "translate": "Rocky Foundations for the Tower"
    },
    "description": {
      "translate": "Enter a Giant Tree Taiga Outpost"
    },
    "hidden": true
  },
  "rewards": {
    "experience": 50
  },
  "criteria": {
    "in_outpost_giant_tree_taiga": {
      "trigger": "minecraft:impossible"
    }
  },
  "requirements": [
    [
      "in_outpost_giant_tree_taiga"
    ]
  ]
}