
{
  "parent": "repurposed_structures:outposts",
  "display": {
    "icon": {
      "item": "minecraft:jungle_log"
    },
    "title": {
      "text": "Pillaging the Jungle Watchtower"
    },
    "description": {
      "text": "Enter a Jungle Outpost"
    },
    "hidden": true
  },
  "rewards": {
    "experience": 50
  },
  "criteria": {
    "in_outpost_jungle": {
      "trigger": "minecraft:impossible"
    }
  },
  "requirements": [
    [
      "in_outpost_jungle"
    ]
  ]
}