{
  "parent": "repurposed_structures:mansions",
  "display": {
    "icon": {
      "item": "minecraft:snow_block"
    },
    "title": {
      "text": "Who needs igloos when we got mansions!nsions!"
    },
    "description": {
      "text": "Enter a Snowy Mansion"
    },
    "hidden": true
  },
  "rewards": {
    "experience": 500
  },
  "criteria": {
    "in_mansion_snowy": {
      "trigger": "minecraft:impossible"
    }
  },
  "requirements": [
    [
      "in_mansion_snowy"
    ]
  ]
}