{
  "parent": "repurposed_structures:mansions",
  "display": {
    "icon": {
      "item": "minecraft:birch_stairs"
    },
    "title": {
      "translate": "The White Chocolate Mansion"
    },
    "description": {
      "translate": "Enter a Birch Mansion"
    },
    "hidden": true
  },
  "rewards": {
    "experience": 500
  },
  "criteria": {
    "in_mansion_birch": {
      "trigger": "minecraft:impossible"
    }
  },
  "requirements": [
    [
      "in_mansion_birch"
    ]
  ]
}