{
  "parent": "repurposed_structures:mansions",
  "display": {
    "icon": {
      "item": "minecraft:sandstone_stairs"
    },
    "title": {
      "translate": "The Mansion under the Hot Desert Sun"
    },
    "description": {
      "translate": "Enter a Desert Mansion"
    },
    "hidden": true
  },
  "rewards": {
    "experience": 500
  },
  "criteria": {
    "in_mansion_desert": {
      "trigger": "minecraft:impossible"
    }
  },
  "requirements": [
    [
      "in_mansion_desert"
    ]
  ]
}