{
  "parent": "repurposed_structures:mansions",
  "display": {
    "icon": {
      "item": "minecraft:oak_stairs"
    },
    "title": {
      "translate": "A foresty Oak Mansion"
    },
    "description": {
      "translate": "Enter an Oak Mansion"
    },
    "hidden": true
  },
  "rewards": {
    "experience": 500
  },
  "criteria": {
    "in_mansion_oak": {
      "trigger": "minecraft:impossible"
    }
  },
  "requirements": [
    [
      "in_mansion_oak"
    ]
  ]
}