{
  "parent": "repurposed_structures:mansions",
  "display": {
    "icon": {
      "item": "minecraft:acacia_stairs"
    },
    "title": {
      "translate": "Savanna's Chateau"
    },
    "description": {
      "translate": "Enter a Savanna Mansion"
    },
    "hidden": true
  },
  "rewards": {
    "experience": 500
  },
  "criteria": {
    "in_mansion_savanna": {
      "trigger": "minecraft:impossible"
    }
  },
  "requirements": [
    [
      "in_mansion_savanna"
    ]
  ]
}