{
  "parent": "repurposed_structures:pyramids",
  "display": {
    "icon": {
      "item": "minecraft:blackstone"
    },
    "title": {
      "translate": "The Pyramid that Bridges Worlds"
    },
    "description": {
      "translate": "Enter a Nether Pyramid"
    },
    "show_toast": false,
    "announce_to_chat": false,
    "hidden": true
  },
  "rewards": {
    "experience": 20
  },
  "criteria": {
    "in_pyramid_nether": {
      "trigger": "minecraft:location",
      "conditions": {
        "feature": "repurposed_structures:pyramid_nether"
      }
    }
  },
  "requirements": [
    [
      "in_pyramid_nether"
    ]
  ]
}