{
  "parent": "repurposed_structures:pyramids",
  "display": {
    "icon": {
      "item": "minecraft:magenta_concrete"
    },
    "title": {
      "translate": "Temple of the Dragon"
    },
    "description": {
      "translate": "Enter a End Pyramid"
    },
    "show_toast": false,
    "announce_to_chat": false,
    "hidden": true
  },
  "rewards": {
    "experience": 100
  },
  "criteria": {
    "in_pyramid_end": {
      "trigger": "minecraft:location",
      "conditions": {
        "feature": "repurposed_structures:pyramid_end"
      }
    }
  },
  "requirements": [
    [
      "in_pyramid_end"
    ]
  ]
}