{
  "parent": "repurposed_structures:pyramids",
  "display": {
    "icon": {
      "item": "minecraft:dark_prismarine"
    },
    "title": {
      "text": "Temple of the Sea"
    },
    "description": {
      "text": "Enter a Ocean Pyramid"
    },
    "show_toast": false,
    "announce_to_chat": false,
    "hidden": true
  },
  "rewards": {
    "experience": 20
  },
  "criteria": {
    "in_pyramid_ocean": {
      "trigger": "minecraft:location",
      "conditions": {
        "feature": "repurposed_structures:pyramid_ocean"
      }
    }
  },
  "requirements": [
    [
      "in_pyramid_ocean"
    ]
  ]
}