{
  "parent": "repurposed_structures:pyramids",
  "display": {
    "icon": {
      "item": "minecraft:packed_ice"
    },
    "title": {
      "text": "Frosted Pyramid"
    },
    "description": {
      "text": "Enter a Icy Pyramid"
    },
    "show_toast": false,
    "announce_to_chat": false,
    "hidden": true
  },
  "rewards": {
    "experience": 20
  },
  "criteria": {
    "in_pyramid_icy": {
      "trigger": "minecraft:location",
      "conditions": {
        "feature": "repurposed_structures:pyramid_icy"
      }
    }
  },
  "requirements": [
    [
      "in_pyramid_icy"
    ]
  ]
}