{
  "parent": "repurposed_structures:pyramids",
  "display": {
    "icon": {
      "item": "minecraft:cracked_stone_bricks"
    },
    "title": {
      "text": "Pyramid of the Creepy Crawlers"
    },
    "description": {
      "text": "Enter a Jungle Pyramid"
    },
    "show_toast": false,
    "announce_to_chat": false,
    "hidden": true
  },
  "rewards": {
    "experience": 20
  },
  "criteria": {
    "in_pyramid_jungle": {
      "trigger": "minecraft:location",
      "conditions": {
        "feature": "repurposed_structures:pyramid_jungle"
      }
    }
  },
  "requirements": [
    [
      "in_pyramid_jungle"
    ]
  ]
}