
{
  "parent": "repurposed_structures:outposts",
  "display": {
    "icon": {
      "item": "minecraft:chiseled_red_sandstone"
    },
    "title": {
      "translate": "The Red Pillager Tower"
    },
    "description": {
      "translate": "Enter a Badlands Outpost"
    },
    "hidden": true
  },
  "rewards": {
    "experience": 50
  },
  "criteria": {
    "in_outpost_badlands": {
      "trigger": "minecraft:impossible"
    }
  },
  "requirements": [
    [
      "in_outpost_badlands"
    ]
  ]
}