{
  "parent": "repurposed_structures:outposts",
  "display": {
    "icon": {
      "item": "minecraft:crimson_planks"
    },
    "title": {
      "translate": "The Overseeing Red Tower"
    },
    "description": {
      "translate": "Enter a Crimson Outpost"
    },
    "hidden": true
  },
  "rewards": {
    "experience": 50
  },
  "criteria": {
    "in_outpost_crimson": {
      "trigger": "minecraft:impossible"
    }
  },
  "requirements": [
    [
      "in_outpost_crimson"
    ]
  ]
}