{
  "parent": "repurposed_structures:outposts",
  "display": {
    "icon": {
      "item": "minecraft:warped_planks"
    },
    "title": {
      "translate": "A Warped View from an Outpost"
    },
    "description": {
      "translate": "Enter a Warped Outpost"
    },
    "hidden": true
  },
  "rewards": {
    "experience": 50
  },
  "criteria": {
    "in_outpost_warped": {
      "trigger": "minecraft:impossible"
    }
  },
  "requirements": [
    [
      "in_outpost_warped"
    ]
  ]
}