{
  "parent": "repurposed_structures:ruined_portals",
  "display": {
    "icon": {
      "item": "minecraft:crying_obsidian"
    },
    "title": {
      "translate": "advancements.repurposed_structures.ruined_portal_end.title"
    },
    "description": {
      "translate": "advancements.repurposed_structures.ruined_portal_end.description"
    },
    "hidden": true
  },
  "rewards": {
    "experience": 50
  },
  "criteria": {
    "in_ruined_portal_end": {
      "trigger": "minecraft:location",
      "conditions": {
        "feature": "repurposed_structures:ruined_portal_end"
      }
    }
  },
  "requirements": [
    [
      "in_ruined_portal_end"
    ]
  ]
}