{
  "parent": "repurposed_structures:fortresses",
  "display": {
    "icon": {
      "item": "minecraft:mossy_stone_bricks"
    },
    "title": {
      "translate": "advancements.repurposed_structures.fortress_jungle.title"
    },
    "description": {
      "translate": "advancements.repurposed_structures.fortress_jungle.description"
    },
    "hidden": true
  },
  "rewards": {
    "experience": 100
  },
  "criteria": {
    "in_jungle_fortress": {
      "trigger": "minecraft:location",
      "conditions": {
        "feature": "repurposed_structures:fortress_jungle"
      }
    }
  },
  "requirements": [
    [
      "in_jungle_fortress"
    ]
  ]
}